<?xml version="1.0" encoding="UTF-8"?>
<!DOCTYPE  mapper PUBLIC "-//mybatis.org//DTD Mapper 3.0//EN" "http://mybatis.org/dtd/mybatis-3-mapper.dtd">
<mapper namespace="customer">


<insert id="insert" parameterType="hashMap" useGeneratedKeys="true" keyProperty="id">  
    <![CDATA[
    insert into customer_spring_mvc
    (name, age, adress) 
    values
    (#{name}, #{age}, #{adress})
    ]]>
</insert>

<!-- resultType이 hashMap이라는 것은 Map으로 결과를 보낸다는 것이다. -->
<select id="select_detail" parameterType="hashMap" resultType="hashMap">
    <![CDATA[
        select
        name,
        age,
        adress,
 		insert_date
        from
        customer_spring_mvc
        where
        id = #{id}   
    ]]>
</select>



<update id="update" parameterType="hashMap">  
	<![CDATA[  
		update customer_spring_mvc set  
		name = #{name},  
		age = #{age},  
		adress = #{adress}  
		where  
		id = #{id}  
	]]>  
</update>  



<delete id="delete" parameterType="hashMap">  
	<![CDATA[  
		delete from customer_spring_mvc  
		where  
		id = #{id}  
	]]>  
</delete>  

<select id="select_list" parameterType="hashMap" resultType="hashMap">  
	<![CDATA[  
		select  
		id,  
		name,  
		age,  
		adress,  
		insert_date  
		from  
		customer_spring_mvc  
		order by insert_date desc  
	]]>  
</select>  


<select id="search_list" parameterType="hashMap" resultType="hashMap">  
	<![CDATA[  
		select  
		id,  
		name,  
		age,  
		adress,  
		insert_date  
		from  
		customer_spring_mvc  
		where 1 = 1  
	]]>  
		<if test="keyword != null and keyword != ''">  
			and (name like CONCAT('%',#{keyword},'%'))
		</if>  
		order by insert_date desc  
</select>  
<select id="search_list2" parameterType="hashMap" resultType="hashMap">  
	<![CDATA[  
		select  
		id,  
		name,  
		age,  
		adress,  
		insert_date  
		from  
		customer_spring_mvc  
		where 1 = 1  
	]]>  
		<if test="keyword2 != null and keyword2 != ''">  
			and (insert_date like CONCAT('%',#{keyword2},'%'))
		</if>  
		order by insert_date desc  
</select>
<select id="search_list3" parameterType="hashMap" resultType="hashMap">  
	<![CDATA[  
		select  
		id,  
		name,  
		age,  
		adress,  
		insert_date,
		TIMESTAMPDIFF(HOUR,insert_date,NOW()) AS time  
		from  
		customer_spring_mvc  
		where 1 = 1  
	]]>  
		<if test="keyword3=='no'">  
			and 2=2
		</if>  
		<if test="keyword3=='1h'">  
			and (insert_date > DATE_SUB(NOW(),INTERVAL 1 hour))
		</if> 
		<if test="keyword3=='1d'">  
			and (insert_date > DATE_SUB(NOW(),INTERVAL 1 day))
		</if>  
		<if test="keyword3=='3d'">  
			and (insert_date > DATE_SUB(NOW(),INTERVAL 3 day))
		</if> 
		<if test="keyword3=='7d'">   
			and (insert_date > DATE_SUB(NOW(),INTERVAL 7 day))
		</if> 
		<if test="keyword3=='30d'">  
			and (insert_date > DATE_SUB(NOW(),INTERVAL 30 day))
		</if> 
		order by insert_date desc  
</select>
<!-- 게시물 총 갯수 -->
<select id="count" resultType="hashMap" >
	select count(id) as tot from customer_spring_mvc
</select>
<!-- 게시물 총 갯수 -->
<select id ="listPage" parameterType="hashMap" resultType="hashMap">
	select 
	id,
	name,
	age,
	adress,
	insert_date,
	TIMESTAMPDIFF(HOUR,insert_date,NOW()) AS time from
	from 
	customer_spring_mvc
	order by insert_date
	limit #{displayPost},#{postNum}
</select>
</mapper>